Name,Last Name,Age,Subject,Grade
John,Smith,47,Math,64
Emily,Johnson,37,Science,67
Michael,Williams,47,History,74
Sophia,Jones,33,English,99
David,Brown,58,Physics,81
Olivia,Davis,56,Chemistry,50
James,Miller,42,Biology,72
Ava,Wilson,41,Geography,71
William,Anderson,26,Computer Science,85
Isabella,Taylor,48,Art,98
Benjamin,Thomas,42,Literature,73
Mia,Moore,36,Music,99
Samuel,Jackson,30,Physical Education,62
Charlotte,White,45,Math,93
Ethan,Harris,48,Science,93
Amelia,Martin,21,History,54
Alexander,Thompson,18,English,100
Harper,Garcia,39,Physics,80
Daniel,Martinez,32,Chemistry,98
Evelyn,Robinson,43,Biology,60
Matthew,Clark,47,Geography,52
Abigail,Rodriguez,34,Computer Science,54
Joseph,Lewis,58,Art,58
Emily,Lee,55,Literature,86
Andrew,Walker,28,Music,55
Scarlett,Hall,45,Physical Education,70
Jackson,Allen,56,Math,70
Grace,Young,49,Science,86
Henry,Hernandez,39,History,85
Elizabeth,King,26,English,64
Gabriel,Wright,27,Physics,86
Sofia,Lopez,37,Chemistry,73
David,Hill,43,Biology,64
Victoria,Scott,27,Geography,82
Noah,Green,45,Computer Science,58
Avery,Adams,49,Art,70
Christopher,Baker,54,Literature,74
Lily,Gonzalez,59,Music,78
Isaac,Nelson,28,Physical Education,83
Ella,Carter,26,Math,81
Samuel,Mitchell,38,Science,54
Chloe,Perez,50,History,89
Benjamin,Roberts,42,English,75
Stella,Turner,31,Physics,65
Jack,Phillips,46,Chemistry,98
Hannah,Campbell,27,Biology,86
Nathan,Parker,39,Geography,62
Aubrey,Evans,45,Computer Science,85
Caleb,Edwards,18,Art,56
Zoey,Collins,26,Literature,77
Luke,Stewart,34,Music,84
Lillian,Sanchez,28,Physical Education,96
Owen,Morris,41,Math,92
Natalie,Rogers,22,Science,61
Ryan,Reed,47,History,68
Addison,Cook,53,English,85
Isaac,Morgan,50,Physics,95
Brooklyn,Bell,42,Chemistry,68
Daniel,Murphy,26,Biology,57
Savannah,Bailey,29,Geography,59
Matthew,Rivera,25,Computer Science,86
Zoe,Cooper,20,Art,56
Levi,Richardson,48,Literature,82
Leah,Cox,52,Music,53
Anthony,Howard,32,Physical Education,62
Audrey,Ward,32,Math,100
Julian,Torres,50,Science,57
Bella,Peterson,46,History,90
Adam,Gray,54,English,50
Claire,Ramirez,34,Physics,81
Eli,James,59,Chemistry,86
Nora,Watson,25,Biology,52
Zachary,Brooks,40,Geography,56
Lucy,Kelly,47,Computer Science,58
Thomas,Sanders,39,Art,60
Samantha,Price,33,Literature,85
Connor,Bennett,45,Music,55
Eleanor,Wood,52,Physical Education,72
Hunter,Barnes,29,Math,53
Penelope,Ross,42,Science,92
Christian,Henderson,22,History,76
Anna,Coleman,43,English,78
Aaron,Jenkins,27,Physics,65
Violet,Perry,50,Chemistry,66
Caleb,Powell,39,Biology,81
Hazel,Long,18,Geography,87
Adrian,Patterson,57,Computer Science,77
Aurora,Hughes,44,Art,67
Eli,Flores,23,Literature,92
Paisley,Washington,20,Music,86
Jeremiah,Butler,53,Physical Education,55
Skylar,Simmons,26,Math,96
Colton,Foster,59,Science,78
Ellie,Gonzales,46,History,61
Charles,Bryant,56,English,55
Sarah,Alexander,33,Physics,90
Josiah,Russell,41,Chemistry,60
Caroline,Griffin,54,Biology,97
Hudson,Diaz,35,Geography,65
Sadie,Hayes,25,Computer Science,90
